{"cameraMode":{"drawMode":0,"name":"Shaded","section":"Shading Mode"},"sceneLighting":false,"audioPlay":false,"sceneViewState":{"showFog":true,"showMaterialUpdate":false,"showSkybox":false,"showFlares":true,"showImageEffects":true,"showParticleSystems":true},"in2DMode":false,"pivot":{"x":0.014120280742645264,"y":0.37381744384765627,"z":0.0006906390190124512},"rotation":{"x":0.025275489315390588,"y":0.9663383960723877,"z":0.10447298735380173,"w":-0.23393625020980836},"size":0.5242560505867004,"orthographic":false}