{"cameraMode":{"drawMode":0,"name":"Shaded","section":"Shading Mode"},"sceneLighting":false,"audioPlay":false,"sceneViewState":{"showFog":true,"showMaterialUpdate":false,"showSkybox":false,"showFlares":true,"showImageEffects":true,"showParticleSystems":true},"in2DMode":false,"pivot":{"x":0.0015995204448699952,"y":0.510507345199585,"z":-0.14123407006263734},"rotation":{"x":0.025275489315390588,"y":0.9663383960723877,"z":0.10447298735380173,"w":-0.23393625020980836},"size":0.6702058911323547,"orthographic":false}