{"cameraMode":{"drawMode":0,"name":"Shaded","section":"Shading Mode"},"sceneLighting":false,"audioPlay":false,"sceneViewState":{"showFog":true,"showMaterialUpdate":false,"showSkybox":false,"showFlares":true,"showImageEffects":true,"showParticleSystems":true},"in2DMode":false,"pivot":{"x":0.018290042877197267,"y":0.373817503452301,"z":0.008752316236495972},"rotation":{"x":0.025275489315390588,"y":0.9663383960723877,"z":0.10447298735380173,"w":-0.23393625020980836},"size":0.5395960211753845,"orthographic":false}