{"cameraMode":{"drawMode":0,"name":"Shaded","section":"Shading Mode"},"sceneLighting":false,"audioPlay":false,"sceneViewState":{"showFog":true,"showMaterialUpdate":false,"showSkybox":false,"showFlares":true,"showImageEffects":true,"showParticleSystems":true},"in2DMode":false,"pivot":{"x":0.0,"y":0.06000000238418579,"z":5.699999809265137},"rotation":{"x":0.007261146325618029,"y":0.9715479612350464,"z":-0.23498651385307313,"w":0.030121253803372384},"size":0.30199334025382998,"orthographic":false}