{"cameraMode":{"drawMode":0,"name":"Shaded","section":"Shading Mode"},"sceneLighting":false,"audioPlay":false,"sceneViewState":{"showFog":true,"showMaterialUpdate":false,"showSkybox":false,"showFlares":true,"showImageEffects":true,"showParticleSystems":true},"in2DMode":false,"pivot":{"x":0.013713821768760682,"y":-0.9197683930397034,"z":3.957777500152588},"rotation":{"x":-0.04302747920155525,"y":0.9570630788803101,"z":-0.20229850709438325,"w":-0.20350176095962525},"size":1.737480640411377,"orthographic":false}