{"cameraMode":{"drawMode":0,"name":"Shaded","section":"Shading Mode"},"sceneLighting":false,"audioPlay":false,"sceneViewState":{"showFog":true,"showMaterialUpdate":false,"showSkybox":false,"showFlares":true,"showImageEffects":true,"showParticleSystems":true},"in2DMode":false,"pivot":{"x":-0.42445608973503115,"y":-0.11844900250434876,"z":0.004598379135131836},"rotation":{"x":0.025275489315390588,"y":0.9663383960723877,"z":0.10447298735380173,"w":-0.23393625020980836},"size":0.41845938563346865,"orthographic":false}