{"cameraMode":{"drawMode":0,"name":"Shaded","section":"Shading Mode"},"sceneLighting":false,"audioPlay":false,"sceneViewState":{"showFog":true,"showMaterialUpdate":false,"showSkybox":false,"showFlares":true,"showImageEffects":true,"showParticleSystems":true},"in2DMode":false,"pivot":{"x":54.02000045776367,"y":2.372779130935669,"z":40.0},"rotation":{"x":0.06235499307513237,"y":0.008982361294329167,"z":-0.0005612000240944326,"w":0.9980137944221497},"size":2.784799337387085,"orthographic":false}