{"cameraMode":{"drawMode":0,"name":"Shaded","section":"Shading Mode"},"sceneLighting":true,"audioPlay":false,"sceneViewState":{"showFog":true,"showMaterialUpdate":false,"showSkybox":true,"showFlares":true,"showImageEffects":true,"showParticleSystems":true},"in2DMode":false,"pivot":{"x":11.733471870422364,"y":1.5502721071243287,"z":51.88232421875},"rotation":{"x":0.07890427857637406,"y":-0.6729697585105896,"z":0.072554811835289,"w":0.7318636775016785},"size":60.171382904052737,"orthographic":false}