{"cameraMode":{"drawMode":0,"name":"Shaded","section":"Shading Mode"},"sceneLighting":false,"audioPlay":false,"sceneViewState":{"showFog":true,"showMaterialUpdate":false,"showSkybox":false,"showFlares":true,"showImageEffects":true,"showParticleSystems":true},"in2DMode":false,"pivot":{"x":-0.2875364124774933,"y":0.43038737773895266,"z":-0.06036970019340515},"rotation":{"x":0.026876144111156465,"y":0.9179514050483704,"z":0.06315882503986359,"w":-0.3908277153968811},"size":0.6073950529098511,"orthographic":false}