{"cameraMode":{"drawMode":0,"name":"Shaded","section":"Shading Mode"},"sceneLighting":false,"audioPlay":false,"sceneViewState":{"showFog":true,"showMaterialUpdate":false,"showSkybox":false,"showFlares":true,"showImageEffects":true,"showParticleSystems":true},"in2DMode":false,"pivot":{"x":-0.08249147981405258,"y":0.0012484118342399598,"z":-0.021485190838575364},"rotation":{"x":0.025275489315390588,"y":0.9663383960723877,"z":0.10447298735380173,"w":-0.23393625020980836},"size":0.04431181401014328,"orthographic":false}